title,company,location,url
Rotational Engineer 1 1,,,"https://www.glassdoor.com/job-listing/rotational-engineer-11-technipfmc-JV_IC1140171_KO0,22_KE23,33.htm?jl=1009434110659"
Entry Level Tunnel Engineer,,,"https://www.glassdoor.com/job-listing/entry-level-tunnel-engineer-schnabel-inc-JV_IC1139761_KO0,27_KE28,40.htm?jl=1009433927610"
Bridge Engineer (Entry Level),,,"https://www.glassdoor.com/job-listing/bridge-engineer-entry-level-garver-JV_IC1139761_KO0,27_KE28,34.htm?jl=1009433078903"
IT Field Engineer (Entry Level),,,"https://www.glassdoor.com/job-listing/it-field-engineer-entry-level-vc3-JV_IC1139761_KO0,29_KE30,33.htm?jl=1009433677335"
Software Engineer in Test,,,"https://www.glassdoor.com/job-listing/software-engineer-in-test-purpose-financial-JV_IC1155193_KO0,25_KE26,43.htm?jl=1009433218590"
ENGINEER ELECTRICAL 1,,,"https://www.glassdoor.com/job-listing/engineer-electrical-1-hii-JV_IC1130305_KO0,21_KE22,25.htm?jl=1009433647120"
Water Resources Engineer – Entry Level (Hybrid),,,"https://www.glassdoor.com/job-listing/water-resources-engineer-entry-level-hybrid-barr-engineering-JV_IC1142551_KO0,43_KE44,60.htm?jl=1009433788064"
Office Assistant 2 PCN 063033,,,"https://www.glassdoor.com/job-listing/office-assistant-2-pcn-063033-state-of-alaska-JV_IC1134201_KO0,29_KE30,45.htm?jl=1009434338477"
Production Coordinator,,,"https://www.glassdoor.com/job-listing/production-coordinator-rtp-company-JV_IC1145013_KO0,22_KE23,34.htm?jl=1009434489391"
Roadway Engineer - Entry Level,,,"https://www.glassdoor.com/job-listing/roadway-engineer-entry-level-whitman-requardt-associates-llp-JV_IC1130359_KO0,28_KE29,60.htm?jl=1009434431692"
Admin Functional Support 3,,,"https://www.glassdoor.com/job-listing/admin-functional-support-3-hii-JV_IC1154490_KO0,26_KE27,30.htm?jl=1009434160345"
Operations and Maintenance Systems Engineer,,,"https://www.glassdoor.com/job-listing/operations-and-maintenance-systems-engineer-leidos-JV_KO0,43_KE44,50.htm?jl=1009434093024"
"Principal Software Project Engineer - RIU, Datalink Products (Onsite)",,,"https://www.glassdoor.com/job-listing/principal-software-project-engineer-riu-datalink-products-onsite-collins-aerospace-JV_IC1149160_KO0,64_KE65,82.htm?jl=1009433191473"
GENERAL ENGINEER,,,"https://www.glassdoor.com/job-listing/general-engineer-us-strategic-systems-programs-ssp-JV_IC1138213_KO0,16_KE17,50.htm?jl=1009433065974"
Radio Frequency Engineer,,,"https://www.glassdoor.com/job-listing/radio-frequency-engineer-nebraska-public-power-district-JV_IC1136272_KO0,24_KE25,55.htm?jl=1009433862097"
ENGINEER STRUCTURAL 1,,,"https://www.glassdoor.com/job-listing/engineer-structural-1-hii-JV_IC1130305_KO0,21_KE22,25.htm?jl=1009433647114"
Future Builders Program – Engineer,,,"https://www.glassdoor.com/job-listing/future-builders-program-engineer-lennar-JV_IC1143031_KO0,32_KE33,39.htm?jl=1009434167794"
ENGINEER MECHANICAL 1,,,"https://www.glassdoor.com/job-listing/engineer-mechanical-1-hii-JV_IC1130305_KO0,21_KE22,25.htm?jl=1009433647108"
ENGINEER ELECTROMECHANICAL 1,,,"https://www.glassdoor.com/job-listing/engineer-electromechanical-1-hii-JV_IC1130305_KO0,28_KE29,32.htm?jl=1009433647118"
Inside Sales Representative,,,"https://www.glassdoor.com/job-listing/inside-sales-representative-jwc-environmental-JV_IC1146870_KO0,27_KE28,45.htm?jl=1009434301369"
Early Career Civil Engineer,,,"https://www.glassdoor.com/job-listing/early-career-civil-engineer-wsp-JV_IC1155583_KO0,27_KE28,31.htm?jl=1009434447238"
ENGINEER WELDING 1,,,"https://www.glassdoor.com/job-listing/engineer-welding-1-hii-JV_IC1130305_KO0,18_KE19,22.htm?jl=1009434013967"
"GRAD IT Specialist, Cyber Security 2024/2025",,,"https://www.glassdoor.com/job-listing/grad-it-specialist-cyber-security-2024-2025-cpchem-JV_IC1161666_KO0,43_KE44,50.htm?jl=1009434104101"
Hydrographic Surveyor (FL/MD/NC/TX) + Coastal Engineer (FL/MD/NC/TX) + Environmental Scientist (TX),,,"https://www.glassdoor.com/job-listing/hydrographic-surveyor-fl-md-nc-tx-coastal-engineer-fl-md-nc-tx-environmental-scientist-tx-gahagan-bryant-associates-inc-JV_IC1140185_KO0,89_KE90,119.htm?jl=1009434067699"
Network Engineer Mid- Colorado Springs - TS,,,"https://www.glassdoor.com/job-listing/network-engineer-mid-colorado-springs-ts-deloitte-JV_IC1148136_KO0,40_KE41,49.htm?jl=1009434092874"
Application Engineer CO-OP (Purdue) Spring 2025,,,"https://www.glassdoor.com/job-listing/application-engineer-co-op-purdue-spring-2025-arconic-JV_IC1145102_KO0,45_KE46,53.htm?jl=1009433446146"
Senior Resistance Welding Engineer,,,"https://www.glassdoor.com/job-listing/senior-resistance-welding-engineer-taylor-winfield-technologies-JV_IC1146406_KO0,34_KE35,63.htm?jl=1009434017190"
Senior Automation Mechanical Engineer,,,"https://www.glassdoor.com/job-listing/senior-automation-mechanical-engineer-taylor-winfield-technologies-JV_IC1146406_KO0,37_KE38,66.htm?jl=1009434011445"
Senior Principal AEH Project Engineer - Computing Solutions (Onsite),,,"https://www.glassdoor.com/job-listing/senior-principal-aeh-project-engineer-computing-solutions-onsite-collins-aerospace-JV_IC1149160_KO0,64_KE65,82.htm?jl=1009433191467"
Laser Operator,,,"https://www.glassdoor.com/job-listing/laser-operator-ducommun-incorporated-JV_IC1151105_KO0,14_KE15,36.htm?jl=1009434046430"
Acme Corporation - Job Listing ,,,/Job/listing?jl=1009434113448&jobListingId=1009434113448
